-- phpMyAdmin SQL Dump
-- version 4.5.1
-- http://www.phpmyadmin.net
--
-- Host: 127.0.0.1
-- Generation Time: Mar 21, 2018 at 01:41 PM
-- Server version: 10.1.13-MariaDB
-- PHP Version: 5.6.23

SET SQL_MODE = "NO_AUTO_VALUE_ON_ZERO";
SET time_zone = "+00:00";


/*!40101 SET @OLD_CHARACTER_SET_CLIENT=@@CHARACTER_SET_CLIENT */;
/*!40101 SET @OLD_CHARACTER_SET_RESULTS=@@CHARACTER_SET_RESULTS */;
/*!40101 SET @OLD_COLLATION_CONNECTION=@@COLLATION_CONNECTION */;
/*!40101 SET NAMES utf8mb4 */;

--
-- Database: `stylesshoeshop`
--

-- --------------------------------------------------------

--
-- Table structure for table `s3_admins`
--

CREATE TABLE `s3_admins` (
  `id` int(3) NOT NULL,
  `email` varchar(50) NOT NULL,
  `usrname` varchar(20) NOT NULL,
  `passw` varchar(50) NOT NULL,
  `created_at` datetime NOT NULL DEFAULT CURRENT_TIMESTAMP ON UPDATE CURRENT_TIMESTAMP
) ENGINE=InnoDB DEFAULT CHARSET=latin1;

--
-- Dumping data for table `s3_admins`
--

INSERT INTO `s3_admins` (`id`, `email`, `usrname`, `passw`, `created_at`) VALUES
(2, 'adminadmin@yahoo.com', 'MarlonM', '0192023a7bbd73250516f069df18b500', '2018-03-03 12:30:04'),
(3, 'marlonzhin32@gmail.com', 'Marlon', '0192023a7bbd73250516f069df18b500', '2018-03-21 20:28:49');

-- --------------------------------------------------------

--
-- Table structure for table `s3_ci_sessions`
--

CREATE TABLE `s3_ci_sessions` (
  `id` varchar(128) NOT NULL,
  `ip_address` varchar(45) NOT NULL,
  `timestamp` int(10) UNSIGNED NOT NULL DEFAULT '0',
  `data` blob NOT NULL
) ENGINE=InnoDB DEFAULT CHARSET=latin1;

--
-- Dumping data for table `s3_ci_sessions`
--

INSERT INTO `s3_ci_sessions` (`id`, `ip_address`, `timestamp`, `data`) VALUES
('bi60ab0javgc1nis5ebtip5khm057gj2', '::1', 1521116816, 0x5f5f63695f6c6173745f726567656e65726174657c693a313532313131363538313b757365725f69647c733a313a2232223b656d61696c7c733a32303a2261646d696e61646d696e407961686f6f2e636f6d223b757365726e616d657c733a373a224d61726c6f6e4d223b6c6f676765645f696e7c623a313b),
('cuhuo64qvsd4idb34mg10dg3i81711j9', '::1', 1521117462, 0x5f5f63695f6c6173745f726567656e65726174657c693a313532313131373433313b757365725f69647c733a313a2232223b656d61696c7c733a32303a2261646d696e61646d696e407961686f6f2e636f6d223b757365726e616d657c733a373a224d61726c6f6e4d223b6c6f676765645f696e7c623a313b),
('vkuermgl6chm69lg75v9f2h8iv9uas6d', '::1', 1521118184, 0x5f5f63695f6c6173745f726567656e65726174657c693a313532313131373838393b757365725f69647c733a313a2232223b656d61696c7c733a32303a2261646d696e61646d696e407961686f6f2e636f6d223b757365726e616d657c733a373a224d61726c6f6e4d223b6c6f676765645f696e7c623a313b737563636573737c733a32373a2253746f636b2055706461746564205375636365737366756c6c7921223b5f5f63695f766172737c613a313a7b733a373a2273756363657373223b733a333a226f6c64223b7d),
('b58eaofd9ipp6kfl462ganhd11ie5jl3', '::1', 1521118196, 0x5f5f63695f6c6173745f726567656e65726174657c693a313532313131383139313b757365725f69647c733a313a2232223b656d61696c7c733a32303a2261646d696e61646d696e407961686f6f2e636f6d223b757365726e616d657c733a373a224d61726c6f6e4d223b6c6f676765645f696e7c623a313b),
('3blr95m9pe1ck8udllaidn8nm08suql7', '::1', 1521118745, 0x5f5f63695f6c6173745f726567656e65726174657c693a313532313131383635383b757365725f69647c733a313a2232223b656d61696c7c733a32303a2261646d696e61646d696e407961686f6f2e636f6d223b757365726e616d657c733a373a224d61726c6f6e4d223b6c6f676765645f696e7c623a313b),
('7oljs56lagm1dmj1mc3p8nt19i1mj0q0', '::1', 1521119341, 0x5f5f63695f6c6173745f726567656e65726174657c693a313532313131393036303b757365725f69647c733a313a2232223b656d61696c7c733a32303a2261646d696e61646d696e407961686f6f2e636f6d223b757365726e616d657c733a373a224d61726c6f6e4d223b6c6f676765645f696e7c623a313b),
('r733gd23kqdculqub1nl1ri8jmu4575q', '::1', 1521119659, 0x5f5f63695f6c6173745f726567656e65726174657c693a313532313131393338383b757365725f69647c733a313a2232223b656d61696c7c733a32303a2261646d696e61646d696e407961686f6f2e636f6d223b757365726e616d657c733a373a224d61726c6f6e4d223b6c6f676765645f696e7c623a313b),
('cfi9qo2298gsep9ne92g35g9mc6nolh2', '::1', 1521119980, 0x5f5f63695f6c6173745f726567656e65726174657c693a313532313131393730363b757365725f69647c733a313a2232223b656d61696c7c733a32303a2261646d696e61646d696e407961686f6f2e636f6d223b757365726e616d657c733a373a224d61726c6f6e4d223b6c6f676765645f696e7c623a313b),
('ndbr494na4sc5ts6ucojh06jpdmpmfi6', '::1', 1521120314, 0x5f5f63695f6c6173745f726567656e65726174657c693a313532313132303032323b757365725f69647c733a313a2232223b656d61696c7c733a32303a2261646d696e61646d696e407961686f6f2e636f6d223b757365726e616d657c733a373a224d61726c6f6e4d223b6c6f676765645f696e7c623a313b),
('cj0471kttqerjlm4hdvc3eftf6prejk1', '::1', 1521120570, 0x5f5f63695f6c6173745f726567656e65726174657c693a313532313132303334393b757365725f69647c733a313a2232223b656d61696c7c733a32303a2261646d696e61646d696e407961686f6f2e636f6d223b757365726e616d657c733a373a224d61726c6f6e4d223b6c6f676765645f696e7c623a313b),
('csttffuq6q9ta0mbiefi5jgsla60vo5d', '::1', 1521120871, 0x5f5f63695f6c6173745f726567656e65726174657c693a313532313132303637333b757365725f69647c733a313a2232223b656d61696c7c733a32303a2261646d696e61646d696e407961686f6f2e636f6d223b757365726e616d657c733a373a224d61726c6f6e4d223b6c6f676765645f696e7c623a313b),
('n4kq9mdp1um9tnuskgi635iisrj56941', '::1', 1521121199, 0x5f5f63695f6c6173745f726567656e65726174657c693a313532313132303939383b757365725f69647c733a313a2232223b656d61696c7c733a32303a2261646d696e61646d696e407961686f6f2e636f6d223b757365726e616d657c733a373a224d61726c6f6e4d223b6c6f676765645f696e7c623a313b737563636573737c733a32373a2250726f64756374204164646564205375636365737366756c6c7921223b5f5f63695f766172737c613a313a7b733a373a2273756363657373223b733a333a226f6c64223b7d),
('ad3npg1eim6b50tle1v0mifscngea04a', '::1', 1521121617, 0x5f5f63695f6c6173745f726567656e65726174657c693a313532313132313332313b757365725f69647c733a313a2232223b656d61696c7c733a32303a2261646d696e61646d696e407961686f6f2e636f6d223b757365726e616d657c733a373a224d61726c6f6e4d223b6c6f676765645f696e7c623a313b),
('ivd71c1svq6tsjm8lm1kaeq6chnr8glm', '::1', 1521121923, 0x5f5f63695f6c6173745f726567656e65726174657c693a313532313132313632333b757365725f69647c733a313a2232223b656d61696c7c733a32303a2261646d696e61646d696e407961686f6f2e636f6d223b757365726e616d657c733a373a224d61726c6f6e4d223b6c6f676765645f696e7c623a313b737563636573737c733a32373a2250726f64756374204164646564205375636365737366756c6c7921223b5f5f63695f766172737c613a313a7b733a373a2273756363657373223b733a333a226f6c64223b7d),
('af5vpknl1l1epnukbgggaoj7vlnc2kl8', '::1', 1521122185, 0x5f5f63695f6c6173745f726567656e65726174657c693a313532313132313932373b757365725f69647c733a313a2232223b656d61696c7c733a32303a2261646d696e61646d696e407961686f6f2e636f6d223b757365726e616d657c733a373a224d61726c6f6e4d223b6c6f676765645f696e7c623a313b),
('alvpl1j10nitet902ugvkj5hi9rlojbb', '::1', 1521122531, 0x5f5f63695f6c6173745f726567656e65726174657c693a313532313132323233333b757365725f69647c733a313a2232223b656d61696c7c733a32303a2261646d696e61646d696e407961686f6f2e636f6d223b757365726e616d657c733a373a224d61726c6f6e4d223b6c6f676765645f696e7c623a313b737563636573737c733a32373a2250726f64756374204164646564205375636365737366756c6c7921223b5f5f63695f766172737c613a313a7b733a373a2273756363657373223b733a333a226f6c64223b7d),
('u2jeutjgeaur8cqq6u4u0cori5t4dsr6', '::1', 1521122825, 0x5f5f63695f6c6173745f726567656e65726174657c693a313532313132323533353b757365725f69647c733a313a2232223b656d61696c7c733a32303a2261646d696e61646d696e407961686f6f2e636f6d223b757365726e616d657c733a373a224d61726c6f6e4d223b6c6f676765645f696e7c623a313b),
('abcag7l8ecdlhuprl22gqae038utve2d', '::1', 1521123136, 0x5f5f63695f6c6173745f726567656e65726174657c693a313532313132323833363b757365725f69647c733a313a2232223b656d61696c7c733a32303a2261646d696e61646d696e407961686f6f2e636f6d223b757365726e616d657c733a373a224d61726c6f6e4d223b6c6f676765645f696e7c623a313b),
('gkith527g3vak9jrpchfvg40dudn5of9', '::1', 1521123422, 0x5f5f63695f6c6173745f726567656e65726174657c693a313532313132333133373b757365725f69647c733a313a2232223b656d61696c7c733a32303a2261646d696e61646d696e407961686f6f2e636f6d223b757365726e616d657c733a373a224d61726c6f6e4d223b6c6f676765645f696e7c623a313b),
('jb85hi5h0jj9bh0cmdf61nilaoj8uhl0', '::1', 1521123880, 0x5f5f63695f6c6173745f726567656e65726174657c693a313532313132333538303b),
('54v8ke2hkffqpfrgv78hiqhtl0re4hns', '::1', 1521124162, 0x5f5f63695f6c6173745f726567656e65726174657c693a313532313132333838353b),
('v0p5d68qpi3otrm24schpcosl7n9jdmc', '::1', 1521124537, 0x5f5f63695f6c6173745f726567656e65726174657c693a313532313132343234353b),
('j595hul8ot9uipm5hjin8sqkbtalo5kr', '::1', 1521124964, 0x5f5f63695f6c6173745f726567656e65726174657c693a313532313132343636363b),
('qcru3nfqnm2m7oae6tsl3h2bjaukf45o', '::1', 1521125287, 0x5f5f63695f6c6173745f726567656e65726174657c693a313532313132343938373b),
('lv9n7chcpln7cv20s3pj9h65anbvhif4', '::1', 1521125519, 0x5f5f63695f6c6173745f726567656e65726174657c693a313532313132353239353b),
('1qrbb7ikglu4pq59hlj2r4vcbmbi63t9', '::1', 1521125916, 0x5f5f63695f6c6173745f726567656e65726174657c693a313532313132353632363b),
('iucgh8g9d6dponc58d98frjgogeqlpbe', '::1', 1521126227, 0x5f5f63695f6c6173745f726567656e65726174657c693a313532313132353934363b636172745f636f6e74656e74737c613a353a7b733a31303a22636172745f746f74616c223b643a32363031353b733a31313a22746f74616c5f6974656d73223b643a333b733a33323a226561356432663163343630383233326530376433616133643939386535313335223b613a383a7b733a333a22706963223b733a31363a2270327a39323059412d3630362e706e67223b733a323a226964223b733a323a223634223b733a343a2273697a65223b733a323a223132223b733a333a22717479223b643a313b733a343a226e616d65223b733a31333a224e696b65204e6f72746865726e223b733a353a227072696365223b643a393338393b733a353a22726f776964223b733a33323a226561356432663163343630383233326530376433616133643939386535313335223b733a383a22737562746f74616c223b643a393338393b7d733a33323a226330633763373664333062643364636165666339366634303237356264633061223b613a383a7b733a333a22706963223b733a33363a2237303262313235383439386232623961336237666638363464623537623034302e6a7067223b733a323a226964223b733a323a223530223b733a343a2273697a65223b733a323a223130223b733a333a22717479223b643a313b733a343a226e616d65223b733a31313a2250756d6120537068696e78223b733a353a227072696365223b643a373833323b733a353a22726f776964223b733a33323a226330633763373664333062643364636165666339366634303237356264633061223b733a383a22737562746f74616c223b643a373833323b7d733a33323a223634326539326566623739343231373334383831623533653165316231386236223b613a383a7b733a333a22706963223b733a32343a227070686b6f34706c6662716663767236327535722e706e67223b733a323a226964223b733a323a223438223b733a343a2273697a65223b733a323a223131223b733a333a22717479223b643a313b733a343a226e616d65223b733a31313a224a6f7264616e204b69726b223b733a353a227072696365223b643a383739343b733a353a22726f776964223b733a33323a223634326539326566623739343231373334383831623533653165316231386236223b733a383a22737562746f74616c223b643a383739343b7d7d),
('o31rvh97ispsh742fbhu742s1m3gd028', '::1', 1521126527, 0x5f5f63695f6c6173745f726567656e65726174657c693a313532313132363234393b757365725f69647c733a313a2232223b656d61696c7c733a32303a2261646d696e61646d696e407961686f6f2e636f6d223b757365726e616d657c733a373a224d61726c6f6e4d223b6c6f676765645f696e7c623a313b),
('vuetlsruiqsud3dg1mbrp2fvfur5jkdv', '::1', 1521126692, 0x5f5f63695f6c6173745f726567656e65726174657c693a313532313132363636313b),
('75disafl6jtshpqol0rrson6dbr7v1n9', '::1', 1521156240, 0x5f5f63695f6c6173745f726567656e65726174657c693a313532313135353934353b),
('7ng4qcn4bmem5c59j8138fn930b4r712', '::1', 1521156549, 0x5f5f63695f6c6173745f726567656e65726174657c693a313532313135363235313b),
('rsrmh1vetc3hnpujuk9plrmc9ao4tjbj', '::1', 1521156837, 0x5f5f63695f6c6173745f726567656e65726174657c693a313532313135363537343b757365725f69647c733a313a2232223b656d61696c7c733a32303a2261646d696e61646d696e407961686f6f2e636f6d223b757365726e616d657c733a373a224d61726c6f6e4d223b6c6f676765645f696e7c623a313b),
('27m5kfk000egscutfune57dtn8458b2f', '::1', 1521156895, 0x5f5f63695f6c6173745f726567656e65726174657c693a313532313135363837353b757365725f69647c733a313a2232223b656d61696c7c733a32303a2261646d696e61646d696e407961686f6f2e636f6d223b757365726e616d657c733a373a224d61726c6f6e4d223b6c6f676765645f696e7c623a313b),
('lide90vohuf247aa8tosohl2iv8uru88', '::1', 1521160501, 0x5f5f63695f6c6173745f726567656e65726174657c693a313532313136303233303b757365725f69647c733a313a2232223b656d61696c7c733a32303a2261646d696e61646d696e407961686f6f2e636f6d223b757365726e616d657c733a373a224d61726c6f6e4d223b6c6f676765645f696e7c623a313b),
('jrllb1dl12ahvrjppfgcuts66l42g18c', '::1', 1521252840, 0x5f5f63695f6c6173745f726567656e65726174657c693a313532313235323534313b),
('epag2llodch5rb523h9lnpglhoof634n', '::1', 1521252712, 0x5f5f63695f6c6173745f726567656e65726174657c693a313532313235323731323b),
('2q5do6pe3aldfvhkl1b7ogjhgq2mdneq', '::1', 1521253085, 0x5f5f63695f6c6173745f726567656e65726174657c693a313532313235323834333b),
('0pqbhk1r3oa9j52gtcs0pta26qjm0r4o', '::1', 1521253747, 0x5f5f63695f6c6173745f726567656e65726174657c693a313532313235333439303b636172745f636f6e74656e74737c613a333a7b733a31303a22636172745f746f74616c223b643a31303833343b733a31313a22746f74616c5f6974656d73223b643a313b733a33323a226334636134323338613062393233383230646363353039613666373538343962223b613a383a7b733a333a22706963223b733a31353a22696d616765735f283329312e706e67223b733a323a226964223b733a313a2231223b733a343a2273697a65223b733a323a223130223b733a333a22717479223b643a313b733a343a226e616d65223b733a31353a224e696b6520487970657256656e6f6d223b733a353a227072696365223b643a31303833343b733a353a22726f776964223b733a33323a226334636134323338613062393233383230646363353039613666373538343962223b733a383a22737562746f74616c223b643a31303833343b7d7d),
('hek28qbopnkcm1vivj3ea0kb9743iob1', '::1', 1521254085, 0x5f5f63695f6c6173745f726567656e65726174657c693a313532313235333739313b636172745f636f6e74656e74737c613a333a7b733a31303a22636172745f746f74616c223b643a31303833343b733a31313a22746f74616c5f6974656d73223b643a313b733a33323a226334636134323338613062393233383230646363353039613666373538343962223b613a383a7b733a333a22706963223b733a31353a22696d616765735f283329312e706e67223b733a323a226964223b733a313a2231223b733a343a2273697a65223b733a323a223130223b733a333a22717479223b643a313b733a343a226e616d65223b733a31353a224e696b6520487970657256656e6f6d223b733a353a227072696365223b643a31303833343b733a353a22726f776964223b733a33323a226334636134323338613062393233383230646363353039613666373538343962223b733a383a22737562746f74616c223b643a31303833343b7d7d757365725f69647c733a313a2232223b656d61696c7c733a32303a2261646d696e61646d696e407961686f6f2e636f6d223b757365726e616d657c733a373a224d61726c6f6e4d223b6c6f676765645f696e7c623a313b),
('373blu0i4o3dg7nn8576it9l6sm1fof4', '::1', 1521254403, 0x5f5f63695f6c6173745f726567656e65726174657c693a313532313235343130383b636172745f636f6e74656e74737c613a333a7b733a31303a22636172745f746f74616c223b643a31303833343b733a31313a22746f74616c5f6974656d73223b643a313b733a33323a226334636134323338613062393233383230646363353039613666373538343962223b613a383a7b733a333a22706963223b733a31353a22696d616765735f283329312e706e67223b733a323a226964223b733a313a2231223b733a343a2273697a65223b733a323a223130223b733a333a22717479223b643a313b733a343a226e616d65223b733a31353a224e696b6520487970657256656e6f6d223b733a353a227072696365223b643a31303833343b733a353a22726f776964223b733a33323a226334636134323338613062393233383230646363353039613666373538343962223b733a383a22737562746f74616c223b643a31303833343b7d7d757365725f69647c733a313a2232223b656d61696c7c733a32303a2261646d696e61646d696e407961686f6f2e636f6d223b757365726e616d657c733a373a224d61726c6f6e4d223b6c6f676765645f696e7c623a313b),
('enajrmn3t0ebh4v1ghiqdo1p33ec5rtb', '::1', 1521254591, 0x5f5f63695f6c6173745f726567656e65726174657c693a313532313235343431313b636172745f636f6e74656e74737c613a333a7b733a31303a22636172745f746f74616c223b643a31303833343b733a31313a22746f74616c5f6974656d73223b643a313b733a33323a226334636134323338613062393233383230646363353039613666373538343962223b613a383a7b733a333a22706963223b733a31353a22696d616765735f283329312e706e67223b733a323a226964223b733a313a2231223b733a343a2273697a65223b733a323a223130223b733a333a22717479223b643a313b733a343a226e616d65223b733a31353a224e696b6520487970657256656e6f6d223b733a353a227072696365223b643a31303833343b733a353a22726f776964223b733a33323a226334636134323338613062393233383230646363353039613666373538343962223b733a383a22737562746f74616c223b643a31303833343b7d7d757365725f69647c733a313a2232223b656d61696c7c733a32303a2261646d696e61646d696e407961686f6f2e636f6d223b757365726e616d657c733a373a224d61726c6f6e4d223b6c6f676765645f696e7c623a313b),
('nmr2ekujseh9baik4qc74ke7ledbh8a2', '::1', 1521255575, 0x5f5f63695f6c6173745f726567656e65726174657c693a313532313235353330343b636172745f636f6e74656e74737c613a333a7b733a31303a22636172745f746f74616c223b643a31303833343b733a31313a22746f74616c5f6974656d73223b643a313b733a33323a226334636134323338613062393233383230646363353039613666373538343962223b613a383a7b733a333a22706963223b733a31353a22696d616765735f283329312e706e67223b733a323a226964223b733a313a2231223b733a343a2273697a65223b733a323a223130223b733a333a22717479223b643a313b733a343a226e616d65223b733a31353a224e696b6520487970657256656e6f6d223b733a353a227072696365223b643a31303833343b733a353a22726f776964223b733a33323a226334636134323338613062393233383230646363353039613666373538343962223b733a383a22737562746f74616c223b643a31303833343b7d7d757365725f69647c733a313a2232223b656d61696c7c733a32303a2261646d696e61646d696e407961686f6f2e636f6d223b757365726e616d657c733a373a224d61726c6f6e4d223b6c6f676765645f696e7c623a313b),
('a5c2h9pgks9dobhqv0ajlmsnglq3jdb1', '::1', 1521255863, 0x5f5f63695f6c6173745f726567656e65726174657c693a313532313235353631393b636172745f636f6e74656e74737c613a333a7b733a31303a22636172745f746f74616c223b643a31303833343b733a31313a22746f74616c5f6974656d73223b643a313b733a33323a226334636134323338613062393233383230646363353039613666373538343962223b613a383a7b733a333a22706963223b733a31353a22696d616765735f283329312e706e67223b733a323a226964223b733a313a2231223b733a343a2273697a65223b733a323a223130223b733a333a22717479223b643a313b733a343a226e616d65223b733a31353a224e696b6520487970657256656e6f6d223b733a353a227072696365223b643a31303833343b733a353a22726f776964223b733a33323a226334636134323338613062393233383230646363353039613666373538343962223b733a383a22737562746f74616c223b643a31303833343b7d7d757365725f69647c733a313a2232223b656d61696c7c733a32303a2261646d696e61646d696e407961686f6f2e636f6d223b757365726e616d657c733a373a224d61726c6f6e4d223b6c6f676765645f696e7c623a313b),
('lv437mlgr7eriuthjosd3d1b4cgg8ni2', '::1', 1521256204, 0x5f5f63695f6c6173745f726567656e65726174657c693a313532313235353934383b636172745f636f6e74656e74737c613a333a7b733a31303a22636172745f746f74616c223b643a31303833343b733a31313a22746f74616c5f6974656d73223b643a313b733a33323a226334636134323338613062393233383230646363353039613666373538343962223b613a383a7b733a333a22706963223b733a31353a22696d616765735f283329312e706e67223b733a323a226964223b733a313a2231223b733a343a2273697a65223b733a323a223130223b733a333a22717479223b643a313b733a343a226e616d65223b733a31353a224e696b6520487970657256656e6f6d223b733a353a227072696365223b643a31303833343b733a353a22726f776964223b733a33323a226334636134323338613062393233383230646363353039613666373538343962223b733a383a22737562746f74616c223b643a31303833343b7d7d757365725f69647c733a313a2232223b656d61696c7c733a32303a2261646d696e61646d696e407961686f6f2e636f6d223b757365726e616d657c733a373a224d61726c6f6e4d223b6c6f676765645f696e7c623a313b),
('i0nk0m6h833kcf7livr3qgere28vakkg', '::1', 1521256687, 0x5f5f63695f6c6173745f726567656e65726174657c693a313532313235363431333b636172745f636f6e74656e74737c613a333a7b733a31303a22636172745f746f74616c223b643a31303833343b733a31313a22746f74616c5f6974656d73223b643a313b733a33323a226334636134323338613062393233383230646363353039613666373538343962223b613a383a7b733a333a22706963223b733a31353a22696d616765735f283329312e706e67223b733a323a226964223b733a313a2231223b733a343a2273697a65223b733a323a223130223b733a333a22717479223b643a313b733a343a226e616d65223b733a31353a224e696b6520487970657256656e6f6d223b733a353a227072696365223b643a31303833343b733a353a22726f776964223b733a33323a226334636134323338613062393233383230646363353039613666373538343962223b733a383a22737562746f74616c223b643a31303833343b7d7d757365725f69647c733a313a2232223b656d61696c7c733a32303a2261646d696e61646d696e407961686f6f2e636f6d223b757365726e616d657c733a373a224d61726c6f6e4d223b6c6f676765645f696e7c623a313b),
('4e0rkpldfste2lgtoicq76lqbpvmpjim', '::1', 1521256985, 0x5f5f63695f6c6173745f726567656e65726174657c693a313532313235363734333b636172745f636f6e74656e74737c613a333a7b733a31303a22636172745f746f74616c223b643a31303833343b733a31313a22746f74616c5f6974656d73223b643a313b733a33323a226334636134323338613062393233383230646363353039613666373538343962223b613a383a7b733a333a22706963223b733a31353a22696d616765735f283329312e706e67223b733a323a226964223b733a313a2231223b733a343a2273697a65223b733a323a223130223b733a333a22717479223b643a313b733a343a226e616d65223b733a31353a224e696b6520487970657256656e6f6d223b733a353a227072696365223b643a31303833343b733a353a22726f776964223b733a33323a226334636134323338613062393233383230646363353039613666373538343962223b733a383a22737562746f74616c223b643a31303833343b7d7d757365725f69647c733a313a2232223b656d61696c7c733a32303a2261646d696e61646d696e407961686f6f2e636f6d223b757365726e616d657c733a373a224d61726c6f6e4d223b6c6f676765645f696e7c623a313b),
('dblvmkl4ijtepnt9kno1cugipp8j2iri', '::1', 1521257206, 0x5f5f63695f6c6173745f726567656e65726174657c693a313532313235373138313b636172745f636f6e74656e74737c613a333a7b733a31303a22636172745f746f74616c223b643a31303833343b733a31313a22746f74616c5f6974656d73223b643a313b733a33323a226334636134323338613062393233383230646363353039613666373538343962223b613a383a7b733a333a22706963223b733a31353a22696d616765735f283329312e706e67223b733a323a226964223b733a313a2231223b733a343a2273697a65223b733a323a223130223b733a333a22717479223b643a313b733a343a226e616d65223b733a31353a224e696b6520487970657256656e6f6d223b733a353a227072696365223b643a31303833343b733a353a22726f776964223b733a33323a226334636134323338613062393233383230646363353039613666373538343962223b733a383a22737562746f74616c223b643a31303833343b7d7d757365725f69647c733a313a2232223b656d61696c7c733a32303a2261646d696e61646d696e407961686f6f2e636f6d223b757365726e616d657c733a373a224d61726c6f6e4d223b6c6f676765645f696e7c623a313b),
('sn0ofq4k1a2qdnkmb31t7n7n5vphvogc', '::1', 1521257287, 0x5f5f63695f6c6173745f726567656e65726174657c693a313532313235373238363b),
('fbb80dbhu3ml5658k2jvji0n6pbh89fj', '::1', 1521257312, 0x5f5f63695f6c6173745f726567656e65726174657c693a313532313235373238393b757365725f69647c733a313a2232223b656d61696c7c733a32303a2261646d696e61646d696e407961686f6f2e636f6d223b757365726e616d657c733a373a224d61726c6f6e4d223b6c6f676765645f696e7c623a313b),
('2mapn1cjd6mkvsorid20pqjrbg27kvg2', '::1', 1521257801, 0x5f5f63695f6c6173745f726567656e65726174657c693a313532313235373531303b636172745f636f6e74656e74737c613a333a7b733a31303a22636172745f746f74616c223b643a31303833343b733a31313a22746f74616c5f6974656d73223b643a313b733a33323a226334636134323338613062393233383230646363353039613666373538343962223b613a383a7b733a333a22706963223b733a31353a22696d616765735f283329312e706e67223b733a323a226964223b733a313a2231223b733a343a2273697a65223b733a323a223130223b733a333a22717479223b643a313b733a343a226e616d65223b733a31353a224e696b6520487970657256656e6f6d223b733a353a227072696365223b643a31303833343b733a353a22726f776964223b733a33323a226334636134323338613062393233383230646363353039613666373538343962223b733a383a22737562746f74616c223b643a31303833343b7d7d757365725f69647c733a313a2232223b656d61696c7c733a32303a2261646d696e61646d696e407961686f6f2e636f6d223b757365726e616d657c733a373a224d61726c6f6e4d223b6c6f676765645f696e7c623a313b),
('la2i8gskua38m6dl4iia1o2lc7edngcc', '::1', 1521258027, 0x5f5f63695f6c6173745f726567656e65726174657c693a313532313235373831313b636172745f636f6e74656e74737c613a333a7b733a31303a22636172745f746f74616c223b643a31303833343b733a31313a22746f74616c5f6974656d73223b643a313b733a33323a226334636134323338613062393233383230646363353039613666373538343962223b613a383a7b733a333a22706963223b733a31353a22696d616765735f283329312e706e67223b733a323a226964223b733a313a2231223b733a343a2273697a65223b733a323a223130223b733a333a22717479223b643a313b733a343a226e616d65223b733a31353a224e696b6520487970657256656e6f6d223b733a353a227072696365223b643a31303833343b733a353a22726f776964223b733a33323a226334636134323338613062393233383230646363353039613666373538343962223b733a383a22737562746f74616c223b643a31303833343b7d7d757365725f69647c733a313a2232223b656d61696c7c733a32303a2261646d696e61646d696e407961686f6f2e636f6d223b757365726e616d657c733a373a224d61726c6f6e4d223b6c6f676765645f696e7c623a313b),
('hvcn58vibgmo5ika1kubbstbi2ln4j27', '::1', 1521258409, 0x5f5f63695f6c6173745f726567656e65726174657c693a313532313235383131333b636172745f636f6e74656e74737c613a333a7b733a31303a22636172745f746f74616c223b643a31303833343b733a31313a22746f74616c5f6974656d73223b643a313b733a33323a226334636134323338613062393233383230646363353039613666373538343962223b613a383a7b733a333a22706963223b733a31353a22696d616765735f283329312e706e67223b733a323a226964223b733a313a2231223b733a343a2273697a65223b733a323a223130223b733a333a22717479223b643a313b733a343a226e616d65223b733a31353a224e696b6520487970657256656e6f6d223b733a353a227072696365223b643a31303833343b733a353a22726f776964223b733a33323a226334636134323338613062393233383230646363353039613666373538343962223b733a383a22737562746f74616c223b643a31303833343b7d7d757365725f69647c733a313a2232223b656d61696c7c733a32303a2261646d696e61646d696e407961686f6f2e636f6d223b757365726e616d657c733a373a224d61726c6f6e4d223b6c6f676765645f696e7c623a313b),
('3jdapfco4ut4otjehvq0jv5bg1e2kub3', '::1', 1521258722, 0x5f5f63695f6c6173745f726567656e65726174657c693a313532313235383436363b636172745f636f6e74656e74737c613a333a7b733a31303a22636172745f746f74616c223b643a31303833343b733a31313a22746f74616c5f6974656d73223b643a313b733a33323a226334636134323338613062393233383230646363353039613666373538343962223b613a383a7b733a333a22706963223b733a31353a22696d616765735f283329312e706e67223b733a323a226964223b733a313a2231223b733a343a2273697a65223b733a323a223130223b733a333a22717479223b643a313b733a343a226e616d65223b733a31353a224e696b6520487970657256656e6f6d223b733a353a227072696365223b643a31303833343b733a353a22726f776964223b733a33323a226334636134323338613062393233383230646363353039613666373538343962223b733a383a22737562746f74616c223b643a31303833343b7d7d757365725f69647c733a313a2232223b656d61696c7c733a32303a2261646d696e61646d696e407961686f6f2e636f6d223b757365726e616d657c733a373a224d61726c6f6e4d223b6c6f676765645f696e7c623a313b),
('g431pa1a7ivf59r7fmhb5taf47isq7v3', '::1', 1521259053, 0x5f5f63695f6c6173745f726567656e65726174657c693a313532313235383737373b636172745f636f6e74656e74737c613a333a7b733a31303a22636172745f746f74616c223b643a31303833343b733a31313a22746f74616c5f6974656d73223b643a313b733a33323a226334636134323338613062393233383230646363353039613666373538343962223b613a383a7b733a333a22706963223b733a31353a22696d616765735f283329312e706e67223b733a323a226964223b733a313a2231223b733a343a2273697a65223b733a323a223130223b733a333a22717479223b643a313b733a343a226e616d65223b733a31353a224e696b6520487970657256656e6f6d223b733a353a227072696365223b643a31303833343b733a353a22726f776964223b733a33323a226334636134323338613062393233383230646363353039613666373538343962223b733a383a22737562746f74616c223b643a31303833343b7d7d757365725f69647c733a313a2232223b656d61696c7c733a32303a2261646d696e61646d696e407961686f6f2e636f6d223b757365726e616d657c733a373a224d61726c6f6e4d223b6c6f676765645f696e7c623a313b),
('stvrj07kvf5ugqp2e57s3m4n8n0au37a', '::1', 1521259385, 0x5f5f63695f6c6173745f726567656e65726174657c693a313532313235393130393b636172745f636f6e74656e74737c613a333a7b733a31303a22636172745f746f74616c223b643a31303833343b733a31313a22746f74616c5f6974656d73223b643a313b733a33323a226334636134323338613062393233383230646363353039613666373538343962223b613a383a7b733a333a22706963223b733a31353a22696d616765735f283329312e706e67223b733a323a226964223b733a313a2231223b733a343a2273697a65223b733a323a223130223b733a333a22717479223b643a313b733a343a226e616d65223b733a31353a224e696b6520487970657256656e6f6d223b733a353a227072696365223b643a31303833343b733a353a22726f776964223b733a33323a226334636134323338613062393233383230646363353039613666373538343962223b733a383a22737562746f74616c223b643a31303833343b7d7d757365725f69647c733a313a2232223b656d61696c7c733a32303a2261646d696e61646d696e407961686f6f2e636f6d223b757365726e616d657c733a373a224d61726c6f6e4d223b6c6f676765645f696e7c623a313b),
('e5cqlne0upllegacmt525u009fqp5q9t', '::1', 1521259670, 0x5f5f63695f6c6173745f726567656e65726174657c693a313532313235393432353b636172745f636f6e74656e74737c613a333a7b733a31303a22636172745f746f74616c223b643a31303833343b733a31313a22746f74616c5f6974656d73223b643a313b733a33323a226334636134323338613062393233383230646363353039613666373538343962223b613a383a7b733a333a22706963223b733a31353a22696d616765735f283329312e706e67223b733a323a226964223b733a313a2231223b733a343a2273697a65223b733a323a223130223b733a333a22717479223b643a313b733a343a226e616d65223b733a31353a224e696b6520487970657256656e6f6d223b733a353a227072696365223b643a31303833343b733a353a22726f776964223b733a33323a226334636134323338613062393233383230646363353039613666373538343962223b733a383a22737562746f74616c223b643a31303833343b7d7d757365725f69647c733a313a2232223b656d61696c7c733a32303a2261646d696e61646d696e407961686f6f2e636f6d223b757365726e616d657c733a373a224d61726c6f6e4d223b6c6f676765645f696e7c623a313b),
('mm8d95isepnkqjgec7ucii77niuno338', '::1', 1521260120, 0x5f5f63695f6c6173745f726567656e65726174657c693a313532313235393832353b69647c733a313a2233223b666e616d657c733a363a224d61726c6f6e223b6c6e616d657c733a363a224d7572696e67223b656d61696c7c733a32323a226d61726c676e6972756d333240676d61696c2e636f6d223b706963747572657c733a32383a2246425f494d475f31353131353033393131333033323036322e706e67223b7369676e65645f696e7c623a313b),
('o85dg0t7aa75m5dj0thk8h0pl2i3ohte', '::1', 1521260355, 0x5f5f63695f6c6173745f726567656e65726174657c693a313532313236303132373b69647c733a313a2233223b666e616d657c733a363a224d61726c6f6e223b6c6e616d657c733a363a224d7572696e67223b656d61696c7c733a32323a226d61726c676e6972756d333240676d61696c2e636f6d223b706963747572657c733a32383a2246425f494d475f31353131353033393131333033323036322e706e67223b7369676e65645f696e7c623a313b636172745f636f6e74656e74737c613a393a7b733a31303a22636172745f746f74616c223b643a3330333839363b733a31313a22746f74616c5f6974656d73223b643a33343b733a33323a223732623332613166373534626131633039623336393565306362366364653766223b613a383a7b733a333a22706963223b733a32343a22556e6465722d41726d6f7572323031362d3233372e706e67223b733a323a226964223b733a323a223537223b733a343a2273697a65223b733a323a223131223b733a333a22717479223b643a383b733a343a226e616d65223b733a32303a22556e64657241726d6f75722043726f7373205832223b733a353a227072696365223b643a393338343b733a353a22726f776964223b733a33323a223732623332613166373534626131633039623336393565306362366364653766223b733a383a22737562746f74616c223b643a37353037323b7d733a33323a223363353964633034386538383530323433626538303739613563373464303739223b613a383a7b733a333a22706963223b733a31313a22557361513879702e706e67223b733a323a226964223b733a323a223231223b733a343a2273697a65223b733a323a223130223b733a333a22717479223b643a353b733a343a226e616d65223b733a31333a225265626f6f6b20537061636572223b733a353a227072696365223b643a383734383b733a353a22726f776964223b733a33323a223363353964633034386538383530323433626538303739613563373464303739223b733a383a22737562746f74616c223b643a34333734303b7d733a33323a223865323936613036376133373536333337306465643035663561336266336563223b613a383a7b733a333a22706963223b733a31383a22696d6167657352315945584f51512e6a7067223b733a323a226964223b733a323a223235223b733a343a2273697a65223b733a323a223131223b733a333a22717479223b643a343b733a343a226e616d65223b733a31333a224164696461732047726f6f7665223b733a353a227072696365223b643a393437323b733a353a22726f776964223b733a33323a223865323936613036376133373536333337306465643035663561336266336563223b733a383a22737562746f74616c223b643a33373838383b7d733a33323a226634353763353435613964656438386631386563656534373134356137326330223b613a383a7b733a333a22706963223b733a31333a227468756d625f2835292e706e67223b733a323a226964223b733a323a223439223b733a343a2273697a65223b733a323a223132223b733a333a22717479223b643a333b733a343a226e616d65223b733a31333a224a6f7264616e204c616e646572223b733a353a227072696365223b643a383639343b733a353a22726f776964223b733a33323a226634353763353435613964656438386631386563656534373134356137326330223b733a383a22737562746f74616c223b643a32363038323b7d733a33323a226561356432663163343630383233326530376433616133643939386535313335223b613a383a7b733a333a22706963223b733a31363a2270327a39323059412d3630362e706e67223b733a323a226964223b733a323a223634223b733a343a2273697a65223b733a323a223132223b733a333a22717479223b643a363b733a343a226e616d65223b733a31333a224e696b65204e6f72746865726e223b733a353a227072696365223b643a393338393b733a353a22726f776964223b733a33323a226561356432663163343630383233326530376433616133643939386535313335223b733a383a22737562746f74616c223b643a35363333343b7d733a33323a226131643063366538336630323733323764383436313036336634616335386136223b613a383a7b733a333a22706963223b733a38303a2264632d73686f65732d626c75652d7370617274616e2d686967682d77632d736e65616b6572732d70726f647563742d312d31383331363937362d302d3239333136383631382d6e6f726d616c2e706e67223b733a323a226964223b733a323a223432223b733a343a2273697a65223b733a323a223130223b733a333a22717479223b643a343b733a343a226e616d65223b733a383a224443204c69676874223b733a353a227072696365223b643a383336333b733a353a22726f776964223b733a33323a226131643063366538336630323733323764383436313036336634616335386136223b733a383a22737562746f74616c223b643a33333435323b7d733a33323a226330633763373664333062643364636165666339366634303237356264633061223b613a383a7b733a333a22706963223b733a33363a2237303262313235383439386232623961336237666638363464623537623034302e6a7067223b733a323a226964223b733a323a223530223b733a343a2273697a65223b733a323a223130223b733a333a22717479223b643a343b733a343a226e616d65223b733a31313a2250756d6120537068696e78223b733a353a227072696365223b643a373833323b733a353a22726f776964223b733a33323a226330633763373664333062643364636165666339366634303237356264633061223b733a383a22737562746f74616c223b643a33313332383b7d7d),
('5jtjprjsdkrktg1o390fe8fmpgk5kced', '::1', 1521261255, 0x5f5f63695f6c6173745f726567656e65726174657c693a313532313236303935363b),
('ob1m96d9kbalpj96tl0lksul4vh9snin', '::1', 1521261405, 0x5f5f63695f6c6173745f726567656e65726174657c693a313532313236313338313b),
('sr3b79rbv5c9siqnpvgmev1c1pn0ajie', '::1', 1521331541, 0x5f5f63695f6c6173745f726567656e65726174657c693a313532313333313236313b),
('o6bmc7mj3ponvmlj3rs221aiv6hoqo10', '::1', 1521331809, 0x5f5f63695f6c6173745f726567656e65726174657c693a313532313333313635303b),
('s0hvoi817prvkkua6ah0nvrpivss9irk', '::1', 1521333099, 0x5f5f63695f6c6173745f726567656e65726174657c693a313532313333323833363b),
('t6mask677ojbg6fkqvuvacns0svb33oi', '::1', 1521333446, 0x5f5f63695f6c6173745f726567656e65726174657c693a313532313333333236363b),
('n55lhpkttmkds6dknvmstpkobef7rfeo', '::1', 1521333755, 0x5f5f63695f6c6173745f726567656e65726174657c693a313532313333333537383b),
('dcvr0t160smn73vhh82u41njrecbtio8', '::1', 1521334131, 0x5f5f63695f6c6173745f726567656e65726174657c693a313532313333343031363b),
('09vpl6go60d9dqdrggb9msct503q5v0m', '::1', 1521336241, 0x5f5f63695f6c6173745f726567656e65726174657c693a313532313333353935353b),
('nffajl77s68qke3vc0mch2aprd100gn0', '::1', 1521336612, 0x5f5f63695f6c6173745f726567656e65726174657c693a313532313333363331383b),
('bl42dppa02jufg3ed1kmh7jpmhp4gfr3', '::1', 1521336932, 0x5f5f63695f6c6173745f726567656e65726174657c693a313532313333363633373b),
('h713uldu5r58ln56nijmvnu49eolofel', '::1', 1521337364, 0x5f5f63695f6c6173745f726567656e65726174657c693a313532313333373037373b),
('cclv36su9j8s7qbvlc2qdkqh7iun22jk', '::1', 1521337712, 0x5f5f63695f6c6173745f726567656e65726174657c693a313532313333373431353b),
('frieft33gdhh590jttiv0li49gp1gj4u', '::1', 1521341881, 0x5f5f63695f6c6173745f726567656e65726174657c693a313532313334313632363b),
('tituoki9qg486r6s9cl20s31b9oj2uf9', '::1', 1521342143, 0x5f5f63695f6c6173745f726567656e65726174657c693a313532313334313934303b),
('874vo8metnvdglmmlu1hkpvdc51b8qhe', '::1', 1521342479, 0x5f5f63695f6c6173745f726567656e65726174657c693a313532313334323234393b),
('61lf5vck0jvllgknvq2lloddfqcrc9pj', '::1', 1521342795, 0x5f5f63695f6c6173745f726567656e65726174657c693a313532313334323536373b),
('ho7i8ls4pdburpb1rd89g6llc7jolbph', '::1', 1521342845, 0x5f5f63695f6c6173745f726567656e65726174657c693a313532313334323831343b),
('56o1kru2fa7ddkrh35fksv58qv8hbjlf', '::1', 1521343144, 0x5f5f63695f6c6173745f726567656e65726174657c693a313532313334323837323b),
('lhdd12mtccaov76fri7b0hqinj36f8s6', '::1', 1521343514, 0x5f5f63695f6c6173745f726567656e65726174657c693a313532313334333232353b),
('vv36k1b0q40i91108oq9aenidq6hkd2b', '::1', 1521343714, 0x5f5f63695f6c6173745f726567656e65726174657c693a313532313334333535363b),
('ao9cl3vcbk1it1injtv7nlr6l00a0v0k', '::1', 1521344178, 0x5f5f63695f6c6173745f726567656e65726174657c693a313532313334333838393b),
('hhoc9c8oa7ab6qplb6cg3nso3nm0idq2', '::1', 1521344308, 0x5f5f63695f6c6173745f726567656e65726174657c693a313532313334343231353b),
('685dsoui3lrncc0sob66ppc6efc8l5qd', '::1', 1521344998, 0x5f5f63695f6c6173745f726567656e65726174657c693a313532313334343835333b),
('qtkj6fdv4h8mekm52keo9dvmt1t8d3au', '::1', 1521345608, 0x5f5f63695f6c6173745f726567656e65726174657c693a313532313334353330383b),
('d5h9moi87cfo8el51jkadst8ub7iac3p', '::1', 1521345893, 0x5f5f63695f6c6173745f726567656e65726174657c693a313532313334353631313b757365725f69647c733a313a2232223b656d61696c7c733a32303a2261646d696e61646d696e407961686f6f2e636f6d223b757365726e616d657c733a373a224d61726c6f6e4d223b6c6f676765645f696e7c623a313b),
('btdou6800jfhmdhritcc6kpr9i3hccr4', '::1', 1521346449, 0x5f5f63695f6c6173745f726567656e65726174657c693a313532313334363134393b),
('bcbr26cui2epq4v68929340trnelt98n', '::1', 1521346755, 0x5f5f63695f6c6173745f726567656e65726174657c693a313532313334363436303b),
('knfvetpq3pi6b4vplkhaff1v9d5mlaen', '::1', 1521346877, 0x5f5f63695f6c6173745f726567656e65726174657c693a313532313334363738333b),
('mpri4ncprmgtf2ot3oirbcvjh317e25t', '::1', 1521357777, 0x5f5f63695f6c6173745f726567656e65726174657c693a313532313335373538373b),
('gjphf0gqfpteughuoa1kme6qr8fijov3', '::1', 1521358186, 0x5f5f63695f6c6173745f726567656e65726174657c693a313532313335373936363b757365725f69647c733a313a2232223b656d61696c7c733a32303a2261646d696e61646d696e407961686f6f2e636f6d223b757365726e616d657c733a373a224d61726c6f6e4d223b6c6f676765645f696e7c623a313b),
('33l156p5sj234dqj7etpqrqr0b7q3fr7', '::1', 1521358303, 0x5f5f63695f6c6173745f726567656e65726174657c693a313532313335383237343b757365725f69647c733a313a2232223b656d61696c7c733a32303a2261646d696e61646d696e407961686f6f2e636f6d223b757365726e616d657c733a373a224d61726c6f6e4d223b6c6f676765645f696e7c623a313b),
('531lgjqon6fg46pu4e7efr94j3647aq7', '::1', 1521358920, 0x5f5f63695f6c6173745f726567656e65726174657c693a313532313335383632373b757365725f69647c733a313a2232223b656d61696c7c733a32303a2261646d696e61646d696e407961686f6f2e636f6d223b757365726e616d657c733a373a224d61726c6f6e4d223b6c6f676765645f696e7c623a313b737563636573737c733a32373a2250726f64756374204164646564205375636365737366756c6c7921223b5f5f63695f766172737c613a313a7b733a373a2273756363657373223b733a333a226f6c64223b7d),
('n148metsteuihu5068qn4nd4g1ue7jco', '::1', 1521359288, 0x5f5f63695f6c6173745f726567656e65726174657c693a313532313335393030333b757365725f69647c733a313a2232223b656d61696c7c733a32303a2261646d696e61646d696e407961686f6f2e636f6d223b757365726e616d657c733a373a224d61726c6f6e4d223b6c6f676765645f696e7c623a313b),
('b2ruojbd10caj29f70k540npag3um7rm', '::1', 1521359606, 0x5f5f63695f6c6173745f726567656e65726174657c693a313532313335393336303b757365725f69647c733a313a2232223b656d61696c7c733a32303a2261646d696e61646d696e407961686f6f2e636f6d223b757365726e616d657c733a373a224d61726c6f6e4d223b6c6f676765645f696e7c623a313b),
('tn3vb9eemspusm2b77h613k61i1fhuo4', '::1', 1521359970, 0x5f5f63695f6c6173745f726567656e65726174657c693a313532313335393639313b757365725f69647c733a313a2232223b656d61696c7c733a32303a2261646d696e61646d696e407961686f6f2e636f6d223b757365726e616d657c733a373a224d61726c6f6e4d223b6c6f676765645f696e7c623a313b),
('k5dcighl0k1laluh4r32cjnur644d9s8', '::1', 1521360263, 0x5f5f63695f6c6173745f726567656e65726174657c693a313532313336303236323b),
('ch1rvqjj87l4sir3be5v4nq18f2cm9i2', '::1', 1521634163, 0x5f5f63695f6c6173745f726567656e65726174657c693a313532313633333931393b636172745f636f6e74656e74737c613a353a7b733a31303a22636172745f746f74616c223b643a32363835383b733a31313a22746f74616c5f6974656d73223b643a333b733a33323a223363353964633034386538383530323433626538303739613563373464303739223b613a383a7b733a333a22706963223b733a31313a22557361513879702e706e67223b733a323a226964223b733a323a223231223b733a343a2273697a65223b733a323a223130223b733a333a22717479223b643a313b733a343a226e616d65223b733a31333a225265626f6f6b20537061636572223b733a353a227072696365223b643a383734383b733a353a22726f776964223b733a33323a223363353964633034386538383530323433626538303739613563373464303739223b733a383a22737562746f74616c223b643a383734383b7d733a33323a226164363161623134333232336566626332346337643235383362653639323531223b613a383a7b733a333a22706963223b733a36303a226e696b652d6a616d65732d68617264656e2d62686d2d626c61636b2d686973746f72792d6d6f6e74682d6e62612d73686f65732d323134342e706e67223b733a323a226964223b733a323a223734223b733a343a2273697a65223b733a323a223131223b733a333a22717479223b643a313b733a343a226e616d65223b733a393a224e696b65205a6f6f6d223b733a353a227072696365223b643a393632373b733a353a22726f776964223b733a33323a226164363161623134333232336566626332346337643235383362653639323531223b733a383a22737562746f74616c223b643a393632373b7d733a33323a223866313465343566636565613136376135613336646564643462656132353433223b613a383a7b733a333a22706963223b733a373a226431302e6a7067223b733a323a226964223b733a313a2237223b733a343a2273697a65223b733a323a223130223b733a333a22717479223b643a313b733a343a226e616d65223b733a373a224443205a616368223b733a353a227072696365223b643a383438333b733a353a22726f776964223b733a33323a223866313465343566636565613136376135613336646564643462656132353433223b733a383a22737562746f74616c223b643a383438333b7d7d6572726f727c733a32363a22496e76616c696420656d61696c206f722070617373776f726421223b5f5f63695f766172737c613a313a7b733a353a226572726f72223b733a333a226f6c64223b7d),
('0o1hk3dq2j63cb992gsurel0mu4sactn', '::1', 1521634488, 0x5f5f63695f6c6173745f726567656e65726174657c693a313532313633343232323b757365725f69647c733a313a2232223b656d61696c7c733a32303a2261646d696e61646d696e407961686f6f2e636f6d223b757365726e616d657c733a373a224d61726c6f6e4d223b6c6f676765645f696e7c623a313b),
('9a8q7q5alljsbn1fbbjfqfl0oqbfm3lr', '::1', 1521635112, 0x5f5f63695f6c6173745f726567656e65726174657c693a313532313633343839383b757365725f69647c733a313a2232223b656d61696c7c733a32303a2261646d696e61646d696e407961686f6f2e636f6d223b757365726e616d657c733a373a224d61726c6f6e4d223b6c6f676765645f696e7c623a313b),
('4erjuu1jq7jlqes626h018vt6tk2mqqv', '::1', 1521635659, 0x5f5f63695f6c6173745f726567656e65726174657c693a313532313633353338393b737563636573737c733a32343a225375636365737366756c6c79206c6f67676564206f757421223b5f5f63695f766172737c613a313a7b733a373a2273756363657373223b733a333a226f6c64223b7d),
('o0vja3mvuqp8hfg92hfmtc306js08tne', '::1', 1521635953, 0x5f5f63695f6c6173745f726567656e65726174657c693a313532313633353934333b);

-- --------------------------------------------------------

--
-- Table structure for table `s3_customers`
--

CREATE TABLE `s3_customers` (
  `id` int(11) NOT NULL,
  `fname` varchar(40) NOT NULL,
  `lname` varchar(30) NOT NULL,
  `email` varchar(50) NOT NULL,
  `picture` varchar(100) NOT NULL,
  `pword` varchar(50) NOT NULL,
  `created_at` datetime NOT NULL DEFAULT CURRENT_TIMESTAMP ON UPDATE CURRENT_TIMESTAMP
) ENGINE=InnoDB DEFAULT CHARSET=latin1;

--
-- Dumping data for table `s3_customers`
--

INSERT INTO `s3_customers` (`id`, `fname`, `lname`, `email`, `picture`, `pword`, `created_at`) VALUES
(1, 'Marlon', 'Muring', 'marlonzhin32@gmail.com', 'FB_IMG_15115038963491825.png', 'c838f562babe98d9727a70d93735dd7e', '2018-03-15 22:55:21'),
(2, 'John', 'Doe', 'johndoe@gmail.com', '', '6579e96f76baa00787a28653876c6127', '2018-03-15 22:59:06'),
(3, 'Marlon', 'Muring', 'marlgnirum32@gmail.com', 'FB_IMG_15115039113032062.png', 'c838f562babe98d9727a70d93735dd7e', '2018-03-17 12:14:22'),
(4, 'Jane', 'Doe', 'janedoe@gmail.com', '', 'a8c0d2a9d332574951a8e4a0af7d516f', '2018-03-21 20:32:35'),
(5, 'Bruce', 'Wayne', 'brucewayne@gmail.com', '', 'bf722f1ec357a486909f9dd2f2b4255e', '2018-03-21 20:35:11');

-- --------------------------------------------------------

--
-- Table structure for table `s3_cust_details`
--

CREATE TABLE `s3_cust_details` (
  `id` int(11) NOT NULL,
  `cust_id` int(11) NOT NULL,
  `s_cont` varchar(11) NOT NULL,
  `s_addr` varchar(40) NOT NULL,
  `s_city` varchar(40) NOT NULL,
  `s_zip` varchar(10) NOT NULL,
  `b_cont` varchar(11) NOT NULL,
  `b_addr` varchar(40) NOT NULL,
  `b_city` varchar(20) NOT NULL,
  `b_zip` varchar(10) NOT NULL
) ENGINE=InnoDB DEFAULT CHARSET=latin1;

--
-- Dumping data for table `s3_cust_details`
--

INSERT INTO `s3_cust_details` (`id`, `cust_id`, `s_cont`, `s_addr`, `s_city`, `s_zip`, `b_cont`, `b_addr`, `b_city`, `b_zip`) VALUES
(1, 1, '09108794063', 'San Vicente', 'Tagbilaran City', '6321', '09108794063', 'San Vicente', 'Tagbilaran City', '6321'),
(2, 2, '09473948283', 'Ramos', 'Cebu City', '6672', '09473948283', 'Ramos', 'Cebu City', '6672'),
(3, 3, '09108794063', 'Saint Vincent', 'Tagbilaran', '6321', '09108794063', 'Saint Vincent', 'Tagbilaran', '6321'),
(4, 4, '09392094202', 'Carmen', 'Tagbilaran', '6319', '09392094202', 'Carmen', 'Tagbilaran', '6319'),
(5, 5, '09273782939', 'wayne', 'Gotham', '61739', '09273782939', 'wayne', 'Gotham', '61739');

-- --------------------------------------------------------

--
-- Table structure for table `s3_orders`
--

CREATE TABLE `s3_orders` (
  `id` int(11) NOT NULL,
  `order_ref` varchar(10) NOT NULL,
  `cust_id` int(8) NOT NULL,
  `name` varchar(60) NOT NULL,
  `email` varchar(50) NOT NULL,
  `total` int(8) NOT NULL,
  `status` varchar(20) NOT NULL,
  `ordered_at` datetime NOT NULL DEFAULT CURRENT_TIMESTAMP
) ENGINE=InnoDB DEFAULT CHARSET=latin1;

--
-- Dumping data for table `s3_orders`
--

INSERT INTO `s3_orders` (`id`, `order_ref`, `cust_id`, `name`, `email`, `total`, `status`, `ordered_at`) VALUES
(1, '98yAZu8Qwb', 1, 'Marlon Muring', 'marlonzhin32@gmail.com', 22850, 'received', '2018-03-15 22:56:12'),
(2, 'ruDM8VSpuY', 2, 'John Doe', 'johndoe@gmail.com', 26015, 'received', '2018-03-15 23:04:25'),
(3, 'XkpXUgc7qk', 3, 'Marlon Muring', 'marlgnirum32@gmail.com', 303896, 'shipped', '2018-03-17 12:24:49'),
(4, '6gEsR2wW7T', 2, 'John Doe', 'johndoe@gmail.com', 63144, 'order in process', '2018-03-17 12:32:50'),
(5, 'fG5eEKBayy', 5, 'Bruce Wayne', 'brucewayne@gmail.com', 35718, 'order in process', '2018-03-21 20:38:17');

-- --------------------------------------------------------

--
-- Table structure for table `s3_order_details`
--

CREATE TABLE `s3_order_details` (
  `id` int(11) NOT NULL,
  `order_ref` varchar(10) NOT NULL,
  `cust_id` int(8) NOT NULL,
  `item_id` int(11) NOT NULL,
  `item_pic` varchar(100) NOT NULL,
  `item_name` varchar(30) NOT NULL,
  `item_size` int(3) NOT NULL,
  `item_qty` int(2) NOT NULL,
  `item_price` int(10) NOT NULL,
  `item_subtotal` int(12) NOT NULL,
  `ordered_at` datetime NOT NULL DEFAULT CURRENT_TIMESTAMP
) ENGINE=InnoDB DEFAULT CHARSET=latin1;

--
-- Dumping data for table `s3_order_details`
--

INSERT INTO `s3_order_details` (`id`, `order_ref`, `cust_id`, `item_id`, `item_pic`, `item_name`, `item_size`, `item_qty`, `item_price`, `item_subtotal`, `ordered_at`) VALUES
(1, '98yAZu8Qwb', 1, 57, 'Under-Armour2016-237.png', 'UnderArmour Cross X2', 11, 1, 9384, 9384, '2018-03-15 22:56:12'),
(2, '98yAZu8Qwb', 1, 6, 'and-womens-Converse-All-Star-shoes-brown-216.jpg', 'Converse Rocky', 10, 1, 5627, 5627, '2018-03-15 22:56:12'),
(3, '98yAZu8Qwb', 1, 45, 'dc-shoes-cole-lite-3-s-shoe-3.png', 'DC Rocky', 10, 1, 7839, 7839, '2018-03-15 22:56:12'),
(4, 'ruDM8VSpuY', 2, 64, 'p2z920YA-606.png', 'Nike Northern', 12, 1, 9389, 9389, '2018-03-15 23:04:26'),
(5, 'ruDM8VSpuY', 2, 50, '702b1258498b2b9a3b7ff864db57b040.jpg', 'Puma Sphinx', 10, 1, 7832, 7832, '2018-03-15 23:04:26'),
(6, 'ruDM8VSpuY', 2, 48, 'pphko4plfbqfcvr62u5r.png', 'Jordan Kirk', 11, 1, 8794, 8794, '2018-03-15 23:04:26'),
(7, 'XkpXUgc7qk', 3, 57, 'Under-Armour2016-237.png', 'UnderArmour Cross X2', 11, 8, 9384, 75072, '2018-03-17 12:24:49'),
(8, 'XkpXUgc7qk', 3, 21, 'UsaQ8yp.png', 'Rebook Spacer', 10, 5, 8748, 43740, '2018-03-17 12:24:49'),
(9, 'XkpXUgc7qk', 3, 25, 'imagesR1YEXOQQ.jpg', 'Adidas Groove', 11, 4, 9472, 37888, '2018-03-17 12:24:49'),
(10, 'XkpXUgc7qk', 3, 49, 'thumb_(5).png', 'Jordan Lander', 12, 3, 8694, 26082, '2018-03-17 12:24:50'),
(11, 'XkpXUgc7qk', 3, 64, 'p2z920YA-606.png', 'Nike Northern', 12, 6, 9389, 56334, '2018-03-17 12:24:50'),
(12, 'XkpXUgc7qk', 3, 42, 'dc-shoes-blue-spartan-high-wc-sneakers-product-1-18316976-0-293168618-normal.png', 'DC Light', 10, 4, 8363, 33452, '2018-03-17 12:24:50'),
(13, 'XkpXUgc7qk', 3, 50, '702b1258498b2b9a3b7ff864db57b040.jpg', 'Puma Sphinx', 10, 4, 7832, 31328, '2018-03-17 12:24:50'),
(14, '6gEsR2wW7T', 2, 21, 'UsaQ8yp.png', 'Rebook Spacer', 10, 4, 8748, 34992, '2018-03-17 12:32:50'),
(15, '6gEsR2wW7T', 2, 57, 'Under-Armour2016-237.png', 'UnderArmour Cross X2', 11, 3, 9384, 28152, '2018-03-17 12:32:51'),
(16, 'fG5eEKBayy', 5, 50, '702b1258498b2b9a3b7ff864db57b040.jpg', 'Puma Sphinx', 10, 1, 7832, 7832, '2018-03-21 20:38:17'),
(17, 'fG5eEKBayy', 5, 23, 'l1.jpg', 'Lining Embed', 12, 1, 9264, 9264, '2018-03-21 20:38:17'),
(18, 'fG5eEKBayy', 5, 57, 'Under-Armour2016-237.png', 'UnderArmour Cross X2', 11, 1, 9384, 9384, '2018-03-21 20:38:17'),
(19, 'fG5eEKBayy', 5, 3, 'imagesH51Y6XPQ.jpg', 'Adidas ArmourX', 10, 1, 9238, 9238, '2018-03-21 20:38:17');

-- --------------------------------------------------------

--
-- Table structure for table `s3_products`
--

CREATE TABLE `s3_products` (
  `id` int(11) NOT NULL,
  `brand` varchar(25) NOT NULL,
  `name` varchar(40) NOT NULL,
  `price` int(8) NOT NULL,
  `cat` varchar(15) NOT NULL,
  `descr` varchar(400) NOT NULL,
  `size` int(2) NOT NULL,
  `stock` int(3) NOT NULL,
  `sold` int(3) NOT NULL,
  `picture` varchar(200) NOT NULL,
  `added_at` datetime NOT NULL DEFAULT CURRENT_TIMESTAMP
) ENGINE=InnoDB DEFAULT CHARSET=latin1;

--
-- Dumping data for table `s3_products`
--

INSERT INTO `s3_products` (`id`, `brand`, `name`, `price`, `cat`, `descr`, `size`, `stock`, `sold`, `picture`, `added_at`) VALUES
(1, 'Nike', 'HyperVenom', 10834, 'Men Shoes', 'This is a nike brand shoes guaranteed original made in the USA', 10, 20, 5, 'images_(3)1.png', '2018-03-01 22:56:11'),
(2, 'Lining', 'Revo', 9183, 'Men Shoes', 'This is a lining brand shoes guaranteed original made in the USA.', 12, 12, 8, 'l21.jpg', '2018-03-01 22:56:11'),
(3, 'Adidas', 'ArmourX', 9238, 'Men Shoes', 'This is an Adidas brand shoes guaranteed original made in the USA.', 10, 11, 6, 'imagesH51Y6XPQ.jpg', '2018-03-01 21:22:50'),
(4, 'Lining', 'Zemic', 9183, 'Men Shoes', 'This is a lining brand shoes guaranteed original made in the USA.', 10, 15, 3, 'l31.jpg', '2018-03-03 09:51:02'),
(5, 'Adidas', 'Reckoner', 10348, 'Men Shoes', 'This is an Adidas brand shoes guaranteed original made in the USA.', 10, 17, 1, 'images7902RHP62.jpg', '2018-03-03 10:29:21'),
(6, 'Converse', 'Rocky', 5627, 'Men Shoes', 'kjaskjd akjsakk saljsakfsak fsak jklasjf saklf sklas kjaskjd akjsakk saljsakfsak fsak jklasjf saklf sklas', 10, 15, 7, 'and-womens-Converse-All-Star-shoes-brown-216.jpg', '2018-03-03 12:42:34'),
(7, 'DC', 'Zach', 8483, 'Men Shoes', 'dsjkfdsjfd skldjs dslkldjs sdjdsk as kjksaj sk alert dsjkfdsjfd skldjs dslkldjs sdjdsk as kjksaj sk alert dsjkfdsjfd skldjs dslkldjs sdjdsk as kjksaj sk alert', 10, 14, 4, 'd10.jpg', '2018-03-03 13:54:54'),
(8, 'Puma', 'Striker', 8234, 'Men Shoes', 'akjakkdjakjak kjaksd akf akjfkaf akjalkfj asalkfj kak kj akjakkdjakjak kjaksd akf akjfkaf akjalkfj asalkfj kak kj akjakkdjakjak kjaksd akf akjfkaf akjalkfj asalkfj kak kj', 11, 12, 3, 'images62PZA2MQ.jpg', '2018-03-03 14:04:31'),
(9, 'Nike', 'Viper', 9852, 'Men Shoes', 'This is a Nike shoes guaranteed original made in the USA', 10, 12, 3, 'images_(4).png', '2018-03-03 14:09:07'),
(10, 'Nike', 'Stealth', 9345, 'Men Shoes', 'This is a Nike brand shoes guaranteed original made in the USA.', 10, 17, 3, 'images_(2).png', '2018-03-04 20:00:06'),
(11, 'Converse', 'Mate', 5643, 'Men Shoes', 'This is a Converse brand shoes guaranteed original made in the USA.', 9, 18, 0, 'imagesXCE6QUV4.jpg', '2018-03-04 20:01:30'),
(12, 'Rebook', 'Shadow', 8934, 'Men Shoes', 'This is a Rebook brand shoes guaranteed original made in the USA.', 10, 15, 0, 'imagesR923NWSP.jpg', '2018-03-04 20:02:57'),
(13, 'UnderArmour', 'SC 1', 10384, 'Men Shoes', 'This is a Under Armour shoes guaranteed original made in the USA.', 10, 14, 1, 'curry25.jpg', '2018-03-04 20:06:38'),
(14, 'UnderArmour', 'SC 2', 10537, 'Men Shoes', 'This is a Under Armour brand shoes guaranteed original made in the USA.', 11, 20, 0, 'imagesLSGSASG5.jpg', '2018-03-04 20:08:25'),
(15, 'Jordan', 'Airbourne', 9448, 'Men Shoes', 'This is a Jordan brand shoes guaranteed original made in the USA.', 10, 16, 0, 'imagesH9MPG5PY.jpg', '2018-03-04 20:10:20'),
(16, 'Jordan', 'Arc 1', 9484, 'Men Shoes', 'This is a Jordan brand shoes guaranteed original made in the USA.', 9, 16, 0, 'images7H3Z33Y4.jpg', '2018-03-04 20:12:29'),
(17, 'Rebook', 'Force', 9384, 'Men Shoes', 'This is a Rebook brand shoes guaranteed original made in the USA.', 11, 18, 0, 'Reebok141.jpg', '2018-03-04 20:14:29'),
(18, 'Puma', 'Striker 2', 8943, 'Men Shoes', 'This is a Puma brand shoes guaranteed original made in the USA.', 10, 14, 1, 'imagesE5VG9FAN.jpg', '2018-03-04 20:16:21'),
(19, 'DC', 'Fritz', 8748, 'Men Shoes', 'This is a DC brand shoes guaranteed original made in the USA.', 9, 16, 0, 'd7.jpg', '2018-03-04 20:17:51'),
(20, 'Nike', 'Vertigo', 9783, 'Men Shoes', 'This is a Nike brand shoes guaranteed original made in the USA.', 10, 13, 1, 'imagesTCO8ZQFR.jpg', '2018-03-04 20:19:28'),
(21, 'Rebook', 'Spacer', 8748, 'Men Shoes', 'This is a Rebook brand shoes guaranteed original made in the USA.', 10, 12, 15, 'UsaQ8yp.png', '2018-03-04 20:21:12'),
(22, 'Lining', 'Snacker', 8834, 'Men Shoes', 'This is a Lining brand shoes guaranteed original made in the USA.', 10, 20, 0, 'l10.jpg', '2018-03-04 20:22:51'),
(23, 'Lining', 'Embed', 9264, 'Men Shoes', 'This is a Lining brand shoes guaranteed original made in the USA.', 12, 13, 7, 'l1.jpg', '2018-03-04 20:23:57'),
(24, 'Lining', 'Snacker 2', 8937, 'Men Shoes', 'This is a LIning brand shoes guaranteed original made in the USA.', 11, 18, 2, 'l8.jpg', '2018-03-04 20:25:07'),
(25, 'Adidas', 'Groove', 9472, 'Men Shoes', 'This is a Adidas brand shoes guaranteed original made in the USA.', 11, 4, 11, 'imagesR1YEXOQQ.jpg', '2018-03-04 20:26:37'),
(26, 'Lining', 'Dodge', 8494, 'Men Shoes', 'This is a Lining brand shoes guaranteed original made in the USA.', 10, 8, 11, 'l5.jpg', '2018-03-04 20:28:34'),
(27, 'DC', 'Bolton', 8534, 'Men Shoes', 'This is a DC brand shoes guaranteed original made in the USA.', 11, 17, 1, 'd9.jpg', '2018-03-04 20:30:03'),
(28, 'Converse', 'Mikey', 6532, 'Men Shoes', 'This is a Converse brand shoes guaranteed original made in the USA.', 10, 15, 0, 'images9PMJP8NH.jpg', '2018-03-04 20:31:25'),
(29, 'Converse', 'Nive', 5734, 'Men Shoes', 'This is a Converse brand shoes guaranteed original made in the USA.', 9, 16, 0, 'imagesNQGLV9ZN.jpg', '2018-03-04 20:32:30'),
(30, 'Puma', 'Supers', 8747, 'Men Shoes', 'This is a Puma brand shoes guaranteed original made in the USA.', 10, 18, 0, 'images4FF6LWWP.jpg', '2018-03-04 20:33:48'),
(31, 'Nike', 'Hurricane', 9384, 'Men Shoes', 'This is a Nike brand shoes guaranteed original made in the USA.', 11, 14, 1, 'images_(1).png', '2018-03-04 20:35:34'),
(32, 'Jordan', 'Airbourne 2', 9634, 'Men Shoes', 'This is a Lining brand shoes guaranteed original made in the USA.', 11, 16, 0, 'imagesZ12U2OFP.jpg', '2018-03-04 20:37:04'),
(33, 'Jordan', 'Looper', 9523, 'Men Shoes', 'This is a Jordan brand shoes guaranteed original made in the USA.', 11, 15, 0, 'popular-brands-jordan-true-flight-men-s-basketball-shoes-cool-grey-white-wo-3360-500x550_0.jpg', '2018-03-04 20:38:26'),
(34, 'UnderArmour', 'SC 3', 9673, 'Men Shoes', 'This is a Under Armour brand shoes guaranteed original made in the USA.', 11, 17, 1, 'TYJFzNi845.jpg', '2018-03-04 20:39:49'),
(35, 'Rebook', 'Carter', 9844, 'Men Shoes', 'This is a Rebook brand shoes guaranteed original made in the USA.', 11, 14, 1, 'untitled.png', '2018-03-04 20:41:24'),
(36, 'Nike', 'Ego', 9823, 'Men Shoes', 'This is a nike shoes guaranteed original made in the USA.', 10, 15, 0, 'KD7.png', '2018-03-15 21:31:13'),
(37, 'Rebook', 'HighLand Prime', 9684, 'Men Shoes', 'This is  a Rebook shoes guaranteed original made in the USA.', 10, 16, 0, 'qxmcz2faajvxaoty2o2b.png', '2018-03-15 21:33:35'),
(38, 'Converse', 'States', 5273, 'Women Shoes', 'This is Converse shoes guaranteed original made in the USA', 9, 15, 0, '8E-All-Brands-casual-shoes-chuck-taylor-mens-converse-red-white-blue-hi-freedom.jpg', '2018-03-15 21:36:38'),
(39, 'Converse', 'Lily', 4732, 'Women Shoes', 'This is a Converse shoes guaranteed original made in the USA', 9, 12, 0, 'images8JP423ZZ.jpg', '2018-03-15 21:38:26'),
(40, 'Converse', 'Nicky', 4632, 'Women Shoes', 'This is a Converse shoes guaranteed original made in the USA', 10, 14, 0, 'img-thing_(1).png', '2018-03-15 21:39:59'),
(41, 'Converse', 'Flex', 4532, 'Women Shoes', 'This is a Converse shoes guaranteed original made in the USA.', 10, 12, 0, 'img-thing.png', '2018-03-15 21:46:16'),
(42, 'DC', 'Light', 8363, 'Men Shoes', 'This is a DC shoes guaranteed original made in the USA.', 10, 11, 4, 'dc-shoes-blue-spartan-high-wc-sneakers-product-1-18316976-0-293168618-normal.png', '2018-03-15 21:47:55'),
(43, 'DC', 'Light Prime', 8663, 'Men Shoes', 'This is a DC shoes guaranteed original made in the USA.', 11, 12, 0, 'd6.jpg', '2018-03-15 21:49:16'),
(44, 'DC', 'Match', 6463, 'Men Shoes', 'This is a DC shoes guaranteed original made in the USA.', 10, 16, 0, 'd11.jpg', '2018-03-15 21:50:22'),
(45, 'DC', 'Rocky', 7839, 'Men Shoes', 'This is a DC shoes guaranteed original made in the USA.', 10, 10, 1, 'dc-shoes-cole-lite-3-s-shoe-3.png', '2018-03-15 21:52:02'),
(46, 'DC', 'Dim', 7464, 'Men Shoes', 'This is a DC shoes guaranteed original made in the USA.', 10, 13, 0, 'download_(1).png', '2018-03-15 21:53:00'),
(47, 'Jordan', 'Flights', 9363, 'Men Shoes', 'This is a Jordan shoes guaranteed original made in the USA.', 11, 15, 0, 'thumb_(6).png', '2018-03-15 21:54:14'),
(48, 'Jordan', 'Kirk', 8794, 'Men Shoes', 'This is a Jordan shoes guaranteed original made in the USA.', 11, 11, 1, 'pphko4plfbqfcvr62u5r.png', '2018-03-15 21:55:20'),
(49, 'Jordan', 'Lander', 8694, 'Men Shoes', 'This is a Jordan shoes guaranteed original made in the USA.', 12, 12, 3, 'thumb_(5).png', '2018-03-15 21:55:59'),
(50, 'Puma', 'Sphinx', 7832, 'Men Shoes', 'This is a Puma shoes guaranteed original made in the USA.', 10, 6, 6, '702b1258498b2b9a3b7ff864db57b040.jpg', '2018-03-15 21:57:13'),
(51, 'Puma', 'Sphinx Ultra', 7694, 'Men Shoes', 'This is a Puma shoes guaranteed original made in the USA.', 11, 16, 0, '7.png', '2018-03-15 21:58:04'),
(52, 'Puma', 'Might', 7833, 'Men Shoes', 'This is a Puma shoes guaranteed original made in the USA.', 10, 12, 0, 'images1P37SJG6.jpg', '2018-03-15 21:59:12'),
(53, 'Puma', 'Might 2', 7932, 'Men Shoes', 'This is a Puma shoes guaranteed original made in the USA.', 10, 12, 0, '9.png', '2018-03-15 22:00:07'),
(54, 'UnderArmour', 'SC Ultra', 9173, 'Men Shoes', 'This is a Under Armour shoes guaranteed original made in the USA.', 11, 12, 0, 'thumb.png', '2018-03-15 22:01:19'),
(55, 'UnderArmour', 'Warrior', 9343, 'Men Shoes', 'This is a Under Armour shoes guaranteed original made in the USA.', 11, 10, 0, 'Fine_Packed_Cheap_Under_Armour_ClutchFit_Drive_Custom_Blue_Gold_NBA_Shoes_2017_Sneaker_Online_Sale.png', '2018-03-15 22:02:10'),
(56, 'UnderArmour', 'Cross X', 9372, 'Men Shoes', 'This is a Under Armour shoes guaranteed original made in the USA.', 12, 11, 0, 'Curry_Shoes_Men_Under_Armour_hopes_NBA_champ_Stephen_Curry_can_be_its_8201.png', '2018-03-15 22:03:17'),
(57, 'UnderArmour', 'Cross X2', 9384, 'Men Shoes', 'This is a Under Armour shoes guaranteed original made in the USA.', 11, 2, 13, 'Under-Armour2016-237.png', '2018-03-15 22:04:29'),
(58, 'Adidas', 'Hyper', 9137, 'Men Shoes', 'This is a Adidas shoes guaranteed original made in the USA.', 11, 12, 0, 'adidas-3_Series_2015_NBA_K-FTWR_WHITE_COLLEGIATE_ROYAL_SCARLET-1.png', '2018-03-15 22:06:05'),
(59, 'Adidas', 'Hyper 2', 9274, 'Men Shoes', 'This is a Adidas shoes guaranteed original made in the USA.', 12, 12, 0, 'AU_adidas440022.png', '2018-03-15 22:06:51'),
(60, 'Adidas', 'Slammer', 9037, 'Men Shoes', 'This is a Adidas shoes guaranteed original made in the USA.', 10, 14, 0, 'thumb_(2).png', '2018-03-15 22:08:10'),
(61, 'Adidas', 'Pacer', 8903, 'Men Shoes', 'This is a Adidas shoes guaranteed original made in the USA.', 10, 12, 0, 'img-thing1.png', '2018-03-15 22:09:39'),
(62, 'Rebook', 'Superior', 8693, 'Men Shoes', 'This is a Rebook shoes guaranteed original made in the USA.', 12, 15, 0, 'thumb_(3).png', '2018-03-15 22:10:57'),
(63, 'Nike', 'Everlast', 9227, 'Men Shoes', 'This is a Nike shoes guaranteed original made in the USA.', 11, 15, 0, 'images3asj.png', '2018-03-15 22:12:11'),
(64, 'Nike', 'Northern', 9389, 'Men Shoes', 'This is a Nike shoes guaranteed original made in the USA.', 12, 5, 7, 'p2z920YA-606.png', '2018-03-15 22:13:23'),
(65, 'Lining', 'Spice', 7238, 'Women Shoes', 'This is a lining women shoes guaranteed original made in the USA.', 10, 14, 0, 'E1981_284475153.jpg', '2018-03-18 15:31:14'),
(66, 'Lining', 'Brite', 8238, 'Women Shoes', 'This is a Lining brand women shoes guaranteed original made in the USA.', 9, 12, 0, 'download.png', '2018-03-18 15:40:45'),
(67, 'Lining', 'Rise', 7924, 'Women Shoes', 'This is a Lining brand women shoes guaranteed original made in the USA.', 10, 15, 0, 'LiNing-AYTM054-Women-Badminton-Shoes-Pid-2779-2d11e3ba221dd95e.png', '2018-03-18 15:42:00'),
(68, 'Lining', 'Rise Beta', 8394, 'Women Shoes', 'This is a Lining brand women shoes guaranteed original made in the USA', 10, 16, 0, 'Li-Ning-Women-Badminton-Shoes-Breathable-Wearable-LiNing-Sports-Shoes-Cushion-Sneakers-AYTM072-XYY044_jpg_640x640.png', '2018-03-18 15:43:23'),
(69, 'Lining', 'Rigid', 7823, 'Women Shoes', 'This is a Lining brand women shoes guaranteed original made in the USA.', 10, 15, 0, 'download_(1)1.png', '2018-03-18 15:45:38'),
(70, 'Lining', 'Green', 8235, 'Men Shoes', 'This is a Lining brand shoes guaranteed original made in the USA.', 10, 18, 0, 'l4.jpg', '2018-03-18 15:47:47'),
(71, 'Lining', 'Pierce', 9238, 'Men Shoes', 'This is a Lining brand shoes guaranteed original made in the USA.', 11, 15, 0, 'l12.jpg', '2018-03-18 15:49:20'),
(72, 'Lining', 'Evolve', 8723, 'Men Shoes', 'This is a Lining brand shoes guaranteed original made in the USA.', 11, 15, 0, 'l6.jpg', '2018-03-18 15:50:06'),
(73, 'Lining', 'Rick', 8623, 'Men Shoes', 'This is a Lining brand shoes guaranteed original made in the USA.', 12, 20, 0, 'l7.jpg', '2018-03-18 15:51:27'),
(74, 'Nike', 'Zoom', 9627, 'Men Shoes', 'This is a Nike brand shoes guaranteed original made in the USA.', 11, 16, 0, 'nike-james-harden-bhm-black-history-month-nba-shoes-2144.png', '2018-03-18 15:54:51'),
(75, 'Nike', 'Mamba', 9827, 'Men Shoes', 'This is a Nike brand shoes guaranteed original made in the USA.', 12, 15, 0, 'images.png', '2018-03-18 15:56:20'),
(76, 'Nike', 'Jean', 7264, 'Women Shoes', 'This is a Nike brand women shoes guaranteed original made in the USA.', 10, 12, 0, 'd970b39533a9932ae634a4e7607d7c59--nike-shoes-on-sale-nike-shoes-.jpg', '2018-03-18 15:58:02'),
(77, 'Nike', 'Sky', 6823, 'Women Shoes', 'This is a Nike brand women shoes guaranteed original made in the USA.', 10, 16, 0, 'f98wd1-i.jpg', '2018-03-18 15:58:53'),
(78, 'Rebook', 'Zigzag', 9794, 'Men Shoes', 'This is a Rebook brand shoes guaranteed original made in the USA.', 11, 18, 0, 'images5GUQW2FC.jpg', '2018-03-18 16:00:45'),
(79, 'Rebook', 'Meta Prime', 9352, 'Men Shoes', 'This is a Rebook brand shoes guaranteed original made in the USA.', 12, 16, 0, 'imagesZK81FJ79.jpg', '2018-03-18 16:02:08'),
(80, 'UnderArmour', 'Shrike', 9292, 'Men Shoes', 'This is a Under Armour brand shoes guaranteed original made in the USA.', 12, 16, 0, 'nbashoes10253.png', '2018-03-18 16:03:50');

-- --------------------------------------------------------

--
-- Table structure for table `s3_sales`
--

CREATE TABLE `s3_sales` (
  `id` int(11) NOT NULL,
  `amount` int(12) NOT NULL,
  `date` datetime NOT NULL DEFAULT CURRENT_TIMESTAMP
) ENGINE=InnoDB DEFAULT CHARSET=latin1;

--
-- Dumping data for table `s3_sales`
--

INSERT INTO `s3_sales` (`id`, `amount`, `date`) VALUES
(1, 27501, '2018-03-15 21:26:04'),
(2, 22850, '2018-03-17 11:58:54'),
(3, 26015, '2018-03-17 11:59:05');

--
-- Indexes for dumped tables
--

--
-- Indexes for table `s3_admins`
--
ALTER TABLE `s3_admins`
  ADD PRIMARY KEY (`id`);

--
-- Indexes for table `s3_ci_sessions`
--
ALTER TABLE `s3_ci_sessions`
  ADD KEY `ci_sessions_timestamp` (`timestamp`);

--
-- Indexes for table `s3_customers`
--
ALTER TABLE `s3_customers`
  ADD PRIMARY KEY (`id`);

--
-- Indexes for table `s3_cust_details`
--
ALTER TABLE `s3_cust_details`
  ADD PRIMARY KEY (`id`);

--
-- Indexes for table `s3_orders`
--
ALTER TABLE `s3_orders`
  ADD PRIMARY KEY (`id`);

--
-- Indexes for table `s3_order_details`
--
ALTER TABLE `s3_order_details`
  ADD PRIMARY KEY (`id`);

--
-- Indexes for table `s3_products`
--
ALTER TABLE `s3_products`
  ADD PRIMARY KEY (`id`);

--
-- Indexes for table `s3_sales`
--
ALTER TABLE `s3_sales`
  ADD PRIMARY KEY (`id`);

--
-- AUTO_INCREMENT for dumped tables
--

--
-- AUTO_INCREMENT for table `s3_admins`
--
ALTER TABLE `s3_admins`
  MODIFY `id` int(3) NOT NULL AUTO_INCREMENT, AUTO_INCREMENT=4;
--
-- AUTO_INCREMENT for table `s3_customers`
--
ALTER TABLE `s3_customers`
  MODIFY `id` int(11) NOT NULL AUTO_INCREMENT, AUTO_INCREMENT=6;
--
-- AUTO_INCREMENT for table `s3_cust_details`
--
ALTER TABLE `s3_cust_details`
  MODIFY `id` int(11) NOT NULL AUTO_INCREMENT, AUTO_INCREMENT=6;
--
-- AUTO_INCREMENT for table `s3_orders`
--
ALTER TABLE `s3_orders`
  MODIFY `id` int(11) NOT NULL AUTO_INCREMENT, AUTO_INCREMENT=6;
--
-- AUTO_INCREMENT for table `s3_order_details`
--
ALTER TABLE `s3_order_details`
  MODIFY `id` int(11) NOT NULL AUTO_INCREMENT, AUTO_INCREMENT=20;
--
-- AUTO_INCREMENT for table `s3_products`
--
ALTER TABLE `s3_products`
  MODIFY `id` int(11) NOT NULL AUTO_INCREMENT, AUTO_INCREMENT=81;
--
-- AUTO_INCREMENT for table `s3_sales`
--
ALTER TABLE `s3_sales`
  MODIFY `id` int(11) NOT NULL AUTO_INCREMENT, AUTO_INCREMENT=4;
/*!40101 SET CHARACTER_SET_CLIENT=@OLD_CHARACTER_SET_CLIENT */;
/*!40101 SET CHARACTER_SET_RESULTS=@OLD_CHARACTER_SET_RESULTS */;
/*!40101 SET COLLATION_CONNECTION=@OLD_COLLATION_CONNECTION */;
